Label,10kHz,40kHz,80kHz
Aluminium,614.1,613.2,613.2
Aluminium,613.8,612.9,613.0
Aluminium,613.6,612.7,612.9
Aluminium,613.6,612.7,612.9
Aluminium,613.8,612.9,613.1
Aluminium,614.1,613.2,613.4
Aluminium,614.3,613.5,613.7
Aluminium,614.6,613.8,614.0
Aluminium,614.8,614.0,614.2
Aluminium,615.0,614.2,614.5
Aluminium,615.1,614.4,614.6
Aluminium,615.3,614.6,614.8
Aluminium,615.3,614.6,614.7
Aluminium,615.3,614.7,614.7
Aluminium,615.3,614.6,614.6
Aluminium,615.3,614.6,614.6
Aluminium,615.3,614.6,614.6
Aluminium,615.4,614.7,614.6
Aluminium,615.4,614.8,614.6
Aluminium,615.4,614.8,614.7
Aluminium,615.4,614.8,614.7
Aluminium,615.3,614.8,614.6
Aluminium,615.1,614.6,614.5
Aluminium,615.1,614.5,614.3
Aluminium,615.1,614.5,614.3
Aluminium,615.0,614.4,614.3
Aluminium,615.0,614.2,614.2
Aluminium,614.8,614.1,614.1
Aluminium,614.7,613.9,614.0
Aluminium,614.6,613.9,613.8
Aluminium,614.5,613.8,613.8
Aluminium,614.4,613.6,613.7
Aluminium,614.4,613.6,613.7
Aluminium,614.3,613.5,613.6
Aluminium,614.3,613.4,613.6
Aluminium,614.3,613.4,613.7
Aluminium,614.1,613.2,613.5
Aluminium,614.0,613.0,613.4
Aluminium,613.8,612.8,613.3
Aluminium,613.5,612.6,613.1
Aluminium,613.3,612.4,612.8
Aluminium,613.0,612.2,612.6
Aluminium,612.8,611.9,612.3
Aluminium,612.5,611.6,612.0
Aluminium,612.2,611.3,611.7
Aluminium,611.9,611.1,611.5
Aluminium,611.7,610.9,611.3
Aluminium,611.4,610.6,611.1
Aluminium,611.2,610.5,610.9
Aluminium,610.9,610.2,610.6
Aluminium,610.7,610.0,610.3
Aluminium,610.5,609.8,610.1
Aluminium,610.3,609.6,609.9
Aluminium,610.1,609.4,609.7
Aluminium,609.9,609.1,609.4
Aluminium,609.7,608.8,609.2
Aluminium,609.5,608.7,609.0
Aluminium,609.3,608.6,608.9
Aluminium,609.1,608.4,608.7
Aluminium,609.0,608.3,608.5
Aluminium,608.7,608.1,608.3
Aluminium,608.6,608.0,608.3
Aluminium,608.5,607.9,608.0
Aluminium,608.3,607.7,607.8
Aluminium,608.1,607.6,607.7
Aluminium,607.9,607.5,607.6
Aluminium,607.8,607.4,607.4
Aluminium,607.8,607.3,607.4
Aluminium,607.7,607.2,607.3
Aluminium,607.7,607.1,607.3
Aluminium,607.6,607.0,607.3
Aluminium,607.5,606.9,607.2
Aluminium,607.5,606.9,607.1
Aluminium,607.4,606.8,607.0
Aluminium,607.2,606.8,606.9
Aluminium,607.2,606.8,606.9
Aluminium,607.2,606.7,606.8
Aluminium,607.2,606.7,606.8
Aluminium,607.1,606.6,606.7
Aluminium,607.0,606.5,606.6
Aluminium,606.9,606.4,606.5
Aluminium,606.8,606.4,606.4
Aluminium,606.8,606.2,606.3
Aluminium,606.7,606.2,606.3
Aluminium,606.6,606.0,606.3
Aluminium,606.6,606.0,606.2
Aluminium,606.6,606.0,606.1
Aluminium,606.5,606.0,606.1
Aluminium,606.4,605.9,606.0
Aluminium,606.5,605.9,606.0
Aluminium,606.4,605.9,606.0
Aluminium,606.5,605.9,605.9
Aluminium,606.4,605.7,605.8
Aluminium,606.3,605.5,605.6
Aluminium,606.2,605.4,605.5
Aluminium,606.1,605.3,605.4
Aluminium,605.8,605.2,605.3
Aluminium,605.7,605.0,605.2
Aluminium,605.6,604.9,605.2
Aluminium,605.5,604.8,605.1
Aluminium,573.7,572.8,572.8
Aluminium,573.7,572.9,572.9
Aluminium,573.4,572.5,572.4
Aluminium,572.6,571.6,571.4
Aluminium,570.7,569.5,569.3
Aluminium,568.7,567.5,567.4
Aluminium,567.2,566.1,565.9
Aluminium,565.8,564.7,564.6
Aluminium,564.6,563.5,563.5
Aluminium,564.3,563.2,563.1
Aluminium,564.0,563.0,562.9
Aluminium,563.6,562.7,562.7
Aluminium,563.5,562.5,562.5
Aluminium,563.2,562.3,562.3
Aluminium,563.1,562.2,562.2
Aluminium,562.9,562.0,562.0
Aluminium,562.7,561.9,561.9
Aluminium,562.9,562.1,562.1
Aluminium,562.6,561.7,561.5
Aluminium,561.7,560.8,560.7
Aluminium,561.3,560.3,560.3
Aluminium,560.6,559.7,559.6
Aluminium,559.8,559.0,559.0
Aluminium,559.3,558.5,558.5
Aluminium,558.8,558.0,558.0
Aluminium,558.4,557.5,557.5
Aluminium,557.8,556.9,557.1
Aluminium,557.7,556.8,556.9
Aluminium,557.8,556.9,557.1
Aluminium,558.0,557.2,557.4
Aluminium,558.5,557.7,557.9
Aluminium,559.0,558.2,558.2
Aluminium,559.1,558.3,558.3
Aluminium,559.3,558.5,558.6
Aluminium,559.7,559.0,559.0
Aluminium,559.8,559.1,559.1
Aluminium,559.9,559.2,559.2
Aluminium,559.8,559.1,559.1
Aluminium,559.8,559.0,559.0
Aluminium,559.6,558.8,558.7
Aluminium,559.0,558.2,558.1
Aluminium,558.3,557.5,557.4
Aluminium,557.8,557.0,556.9
Aluminium,557.2,556.3,556.2
Aluminium,556.5,555.7,555.6
Aluminium,556.4,555.5,555.5
Aluminium,555.9,555.0,554.9
Aluminium,555.0,553.9,554.0
Aluminium,554.1,553.1,553.1
Aluminium,553.5,552.6,552.6
Aluminium,553.6,552.6,552.6
Aluminium,553.3,552.2,552.3
Aluminium,552.6,551.5,551.5
Aluminium,551.7,550.5,550.5
Aluminium,550.6,549.5,549.4
Aluminium,549.4,548.3,548.3
Aluminium,549.1,548.0,548.0
Aluminium,548.7,547.7,547.7
Aluminium,548.4,547.3,547.4
Aluminium,548.3,547.2,547.2
Aluminium,547.9,546.9,546.8
Aluminium,547.4,546.3,546.3
Aluminium,546.5,545.4,545.3
Aluminium,545.6,544.6,544.6
Aluminium,545.0,544.0,543.9
Aluminium,544.3,543.3,543.2
Aluminium,543.7,542.6,542.5
Aluminium,542.4,541.1,541.1
Aluminium,541.7,540.5,540.6
Aluminium,541.3,540.1,540.2
Aluminium,540.9,539.7,539.8
Aluminium,540.4,539.2,539.3
Aluminium,540.1,538.9,539.0
Aluminium,539.6,538.4,538.5
Aluminium,539.3,538.2,538.3
Aluminium,539.4,538.4,538.5
Aluminium,539.0,537.9,538.0
Aluminium,538.1,537.0,537.3
Aluminium,537.8,536.7,537.1
Aluminium,537.6,536.6,536.9
Aluminium,537.4,536.4,536.7
Aluminium,537.3,536.4,536.6
Aluminium,537.4,536.4,536.7
Aluminium,537.5,536.5,536.8
Aluminium,537.6,536.6,536.9
Aluminium,537.7,536.7,536.9
Aluminium,537.6,536.6,536.8
Aluminium,537.9,536.9,537.0
Aluminium,538.0,536.8,537.0
Aluminium,537.7,536.6,536.7
Aluminium,537.5,536.4,536.5
Aluminium,537.4,536.3,536.5
Aluminium,537.4,536.2,536.4
Aluminium,537.3,536.1,536.3
Aluminium,537.4,536.2,536.5
Aluminium,537.7,536.4,536.7
Aluminium,537.7,536.5,536.7
Aluminium,537.8,536.6,536.8
Aluminium,537.7,536.4,536.6
Aluminium,537.4,536.1,536.3
Aluminium,562.0,561.0,561.1
Aluminium,561.5,560.5,560.6
Aluminium,561.0,560.0,560.1
Aluminium,560.4,559.4,559.4
Aluminium,559.5,558.4,558.3
Aluminium,558.3,557.3,557.0
Aluminium,557.5,556.5,556.3
Aluminium,556.9,555.9,555.7
Aluminium,556.5,555.4,555.3
Aluminium,555.9,554.8,554.6
Aluminium,554.8,553.7,553.5
Aluminium,553.6,552.5,552.3
Aluminium,552.3,551.2,551.0
Aluminium,550.3,549.2,549.1
Aluminium,548.6,547.5,547.3
Aluminium,547.5,546.6,546.4
Aluminium,545.5,544.5,544.3
Aluminium,544.3,543.5,543.4
Aluminium,542.7,541.9,541.6
Aluminium,541.4,540.5,540.1
Aluminium,540.1,539.3,539.3
Aluminium,539.9,539.1,539.2
Aluminium,539.8,539.2,539.1
Aluminium,539.8,539.1,539.0
Aluminium,539.7,538.9,538.9
Aluminium,539.6,538.9,538.9
Aluminium,539.7,539.0,539.1
Aluminium,538.2,537.3,537.2
Aluminium,537.5,536.7,536.8
Aluminium,537.2,536.5,536.5
Aluminium,537.5,536.6,536.7
Aluminium,537.6,536.6,536.7
Aluminium,537.4,536.4,536.4
Aluminium,537.0,536.0,536.0
Aluminium,536.2,535.1,535.2
Aluminium,535.5,534.4,534.7
Aluminium,535.0,533.9,534.2
Aluminium,534.1,532.9,533.3
Aluminium,533.1,531.8,532.2
Aluminium,531.9,530.6,530.9
Aluminium,530.8,529.4,529.8
Aluminium,529.5,528.1,528.4
Aluminium,528.1,526.8,527.0
Aluminium,526.7,525.3,525.5
Aluminium,525.2,523.8,524.0
Aluminium,523.6,522.2,522.3
Aluminium,521.5,520.1,520.1
Aluminium,519.6,518.3,518.4
Aluminium,518.6,517.3,517.5
Aluminium,517.7,516.4,516.5
Aluminium,516.5,515.2,515.2
Aluminium,515.4,514.1,514.1
Aluminium,514.1,512.9,512.9
Aluminium,512.7,511.5,511.4
Aluminium,511.2,509.9,509.9
Aluminium,509.8,508.6,508.6
Aluminium,508.3,507.1,507.1
Aluminium,506.8,505.6,505.6
Aluminium,505.4,504.3,504.2
Aluminium,504.0,502.9,502.8
Aluminium,502.7,501.5,501.4
Aluminium,501.3,500.2,500.1
Aluminium,500.2,499.1,499.0
Aluminium,499.3,498.2,498.1
Aluminium,498.3,497.2,497.3
Aluminium,497.5,496.4,496.4
Aluminium,496.6,495.5,495.5
Aluminium,495.6,494.6,494.7
Aluminium,494.9,493.8,493.9
Aluminium,493.9,492.9,492.9
Aluminium,492.9,491.9,491.8
Aluminium,491.7,490.7,490.5
Aluminium,490.6,489.7,489.6
Aluminium,490.1,489.2,489.1
Aluminium,489.6,488.8,488.6
Aluminium,489.0,488.1,488.0
Aluminium,488.1,487.2,487.1
Aluminium,487.0,486.1,486.0
Aluminium,486.2,485.3,485.2
Aluminium,485.2,484.4,484.4
Aluminium,485.1,484.3,484.2
Aluminium,484.9,484.1,484.1
Aluminium,485.0,484.2,484.3
Aluminium,485.1,484.3,484.3
Aluminium,484.9,484.1,484.0
Aluminium,484.5,483.7,483.7
Aluminium,484.3,483.5,483.5
Aluminium,484.2,483.4,483.3
Aluminium,484.3,483.5,483.5
Aluminium,484.4,483.5,483.6
Aluminium,484.3,483.4,483.5
Aluminium,484.1,483.1,483.2
Aluminium,484.0,483.1,483.2
Aluminium,484.1,483.2,483.2
Aluminium,484.0,483.2,483.2
Aluminium,484.4,483.6,483.5
Aluminium,484.8,484.1,483.9
Aluminium,485.2,484.5,484.3
Aluminium,485.2,484.5,484.3
Aluminium,485.3,484.5,484.4
Aluminium,567.0,565.9,565.7
Aluminium,565.8,564.8,564.5
Aluminium,564.4,563.3,563.0
Aluminium,561.4,560.2,559.9
Aluminium,558.0,556.7,556.4
Aluminium,554.8,553.6,553.4
Aluminium,551.9,550.7,550.5
Aluminium,549.2,548.2,548.0
Aluminium,547.6,546.5,546.4
Aluminium,546.6,545.6,545.5
Aluminium,545.9,544.9,544.8
Aluminium,545.0,544.0,544.0
Aluminium,544.1,543.0,542.9
Aluminium,543.9,542.8,542.7
Aluminium,543.7,542.7,542.7
Aluminium,543.6,542.5,542.7
Aluminium,543.8,542.7,542.8
Aluminium,543.6,542.6,542.6
Aluminium,543.1,542.1,542.2
Aluminium,543.4,542.2,542.3
Aluminium,543.4,542.3,542.5
Aluminium,543.6,542.5,542.6
Aluminium,543.7,542.7,542.8
Aluminium,543.7,542.7,542.7
Aluminium,543.7,542.7,542.7
Aluminium,543.6,542.6,542.6
Aluminium,543.4,542.5,542.5
Aluminium,543.1,542.1,542.2
Aluminium,542.7,541.8,541.9
Aluminium,542.6,541.8,541.9
Aluminium,542.7,541.9,542.0
Aluminium,542.9,542.1,542.1
Aluminium,542.8,541.9,542.0
Aluminium,542.1,541.3,541.4
Aluminium,541.6,540.7,540.8
Aluminium,541.2,540.3,540.4
Aluminium,540.8,539.8,540.0
Aluminium,540.2,539.2,539.4
Aluminium,539.2,538.2,538.4
Aluminium,538.0,537.0,537.2
Aluminium,537.4,536.3,536.5
Aluminium,536.9,535.7,536.0
Aluminium,536.4,535.3,535.6
Aluminium,535.7,534.3,534.6
Aluminium,534.9,533.6,533.7
Aluminium,534.2,532.8,532.7
Aluminium,533.8,532.4,532.4
Aluminium,533.6,532.2,532.2
Aluminium,533.8,532.4,532.4
Aluminium,534.0,532.7,532.7
Aluminium,534.3,533.0,532.9
Aluminium,534.5,533.2,533.2
Aluminium,534.3,533.0,532.9
Aluminium,533.8,532.5,532.4
Aluminium,533.6,532.3,532.2
Aluminium,533.3,532.1,532.0
Aluminium,533.0,531.7,531.6
Aluminium,531.9,530.7,530.5
Aluminium,530.9,529.7,529.7
Aluminium,530.6,529.3,529.4
Aluminium,530.4,528.9,529.2
Aluminium,529.5,528.0,528.4
Aluminium,528.6,527.1,527.3
Aluminium,527.3,525.9,526.1
Aluminium,526.4,524.9,525.1
Aluminium,525.2,523.8,524.0
Aluminium,524.0,522.6,522.8
Aluminium,522.9,521.5,521.7
Aluminium,522.0,520.7,520.8
Aluminium,521.0,519.7,519.9
Aluminium,520.1,518.7,518.9
Aluminium,518.9,517.6,517.7
Aluminium,518.0,516.7,516.8
Aluminium,517.3,516.1,516.1
Aluminium,516.5,515.4,515.4
Aluminium,515.8,514.7,514.7
Aluminium,515.0,513.9,513.9
Aluminium,514.2,513.1,513.1
Aluminium,513.3,512.2,512.1
Aluminium,512.4,511.4,511.3
Aluminium,511.7,510.6,510.6
Aluminium,510.9,509.9,509.8
Aluminium,510.1,509.1,509.0
Aluminium,509.0,508.0,508.0
Aluminium,508.0,507.0,507.0
Aluminium,507.2,506.2,506.3
Aluminium,506.7,505.7,505.7
Aluminium,506.1,505.2,505.3
Aluminium,505.8,504.8,504.9
Aluminium,505.4,504.6,504.6
Aluminium,505.1,504.3,504.4
Aluminium,504.8,504.0,504.1
Aluminium,504.8,503.9,504.0
Aluminium,504.7,503.8,503.9
Aluminium,504.5,503.5,503.6
Aluminium,504.0,503.0,503.1
Aluminium,503.4,502.3,502.5
Aluminium,502.7,501.6,501.8
Aluminium,502.0,500.9,501.2
Aluminium,501.4,500.3,500.5
Bakir,620.4,619.4,619.8
Bakir,620.3,619.4,619.8
Bakir,620.3,619.3,619.6
Bakir,620.1,619.1,619.5
Bakir,619.9,619.0,619.3
Bakir,619.7,618.8,619.2
Bakir,619.5,618.7,619.1
Bakir,619.4,618.6,618.9
Bakir,619.4,618.6,618.8
Bakir,619.2,618.5,618.7
Bakir,619.2,618.4,618.6
Bakir,619.0,618.3,618.4
Bakir,618.9,618.1,618.3
Bakir,618.7,618.0,618.2
Bakir,618.6,617.8,618.0
Bakir,618.5,617.8,618.0
Bakir,618.5,617.7,617.9
Bakir,618.5,617.6,617.9
Bakir,618.4,617.5,617.8
Bakir,618.4,617.4,617.7
Bakir,618.3,617.4,617.6
Bakir,618.1,617.2,617.5
Bakir,618.0,617.2,617.5
Bakir,617.9,617.1,617.4
Bakir,617.9,617.1,617.4
Bakir,618.0,617.1,617.5
Bakir,618.1,617.2,617.6
Bakir,618.2,617.4,617.8
Bakir,618.4,617.6,618.0
Bakir,618.5,617.7,618.1
Bakir,618.6,617.9,618.2
Bakir,618.9,618.1,618.4
Bakir,619.0,618.3,618.5
Bakir,619.1,618.6,618.7
Bakir,619.3,618.7,618.9
Bakir,619.5,618.9,619.1
Bakir,619.7,619.1,619.2
Bakir,619.8,619.3,619.4
Bakir,620.0,619.5,619.6
Bakir,620.2,619.7,619.7
Bakir,620.4,619.8,619.9
Bakir,620.5,620.0,620.1
Bakir,620.6,620.1,620.3
Bakir,620.8,620.2,620.4
Bakir,620.9,620.3,620.6
Bakir,621.1,620.4,620.7
Bakir,621.2,620.5,620.8
Bakir,621.3,620.6,620.9
Bakir,621.4,620.6,621.0
Bakir,621.4,620.7,621.1
Bakir,621.6,620.8,621.2
Bakir,621.6,620.9,621.3
Bakir,621.7,621.0,621.3
Bakir,621.8,621.1,621.4
Bakir,621.9,621.1,621.5
Bakir,622.1,621.2,621.6
Bakir,622.1,621.3,621.6
Bakir,622.2,621.4,621.7
Bakir,622.2,621.5,621.7
Bakir,622.2,621.5,621.7
Bakir,622.2,621.5,621.7
Bakir,622.3,621.6,621.8
Bakir,622.3,621.6,621.9
Bakir,622.3,621.7,621.9
Bakir,622.4,621.7,621.9
Bakir,622.4,621.7,622.0
Bakir,622.4,621.7,622.0
Bakir,622.4,621.7,622.0
Bakir,622.4,621.7,622.0
Bakir,622.4,621.7,622.0
Bakir,622.5,621.7,622.0
Bakir,622.5,621.8,622.0
Bakir,622.6,621.9,622.1
Bakir,622.6,622.0,622.1
Bakir,622.7,622.0,622.2
Bakir,622.7,622.1,622.2
Bakir,622.8,622.1,622.3
Bakir,622.8,622.1,622.4
Bakir,622.9,622.2,622.5
Bakir,623.0,622.3,622.6
Bakir,623.0,622.3,622.6
Bakir,623.1,622.4,622.7
Bakir,623.1,622.4,622.7
Bakir,623.1,622.5,622.8
Bakir,623.2,622.5,622.9
Bakir,623.2,622.6,622.9
Bakir,623.3,622.6,622.9
Bakir,623.3,622.8,623.0
Bakir,623.4,622.9,623.1
Bakir,623.4,622.9,623.2
Bakir,623.5,623.0,623.2
Bakir,623.6,623.1,623.3
Bakir,623.7,623.1,623.4
Bakir,623.8,623.2,623.4
Bakir,623.9,623.3,623.5
Bakir,623.9,623.3,623.6
Bakir,624.0,623.3,623.7
Bakir,624.0,623.4,623.8
Bakir,624.1,623.5,623.9
Bakir,624.2,623.5,623.9
Bakir,628.3,627.9,627.8
Bakir,628.1,627.7,627.6
Bakir,627.8,627.5,627.4
Bakir,627.6,627.2,627.2
Bakir,627.4,627.1,626.9
Bakir,627.2,626.9,626.8
Bakir,627.0,626.7,626.6
Bakir,626.7,626.5,626.3
Bakir,626.5,626.3,626.1
Bakir,626.3,626.1,626.0
Bakir,626.2,625.9,625.9
Bakir,626.1,625.8,625.7
Bakir,626.0,625.7,625.6
Bakir,625.9,625.6,625.5
Bakir,625.8,625.4,625.4
Bakir,625.7,625.3,625.2
Bakir,625.6,625.2,625.0
Bakir,625.5,625.1,625.0
Bakir,625.4,625.0,624.9
Bakir,625.3,624.9,624.9
Bakir,625.2,624.8,624.8
Bakir,625.1,624.7,624.7
Bakir,625.1,624.6,624.6
Bakir,625.0,624.5,624.6
Bakir,624.9,624.5,624.4
Bakir,624.7,624.3,624.3
Bakir,624.6,624.2,624.2
Bakir,624.3,624.0,624.0
Bakir,624.1,623.7,623.8
Bakir,623.9,623.5,623.4
Bakir,623.5,623.2,623.1
Bakir,623.3,622.8,622.7
Bakir,623.0,622.4,622.3
Bakir,622.6,622.0,622.0
Bakir,622.2,621.6,621.5
Bakir,621.7,621.2,621.2
Bakir,621.3,620.9,620.7
Bakir,620.9,620.4,620.4
Bakir,620.6,620.1,620.0
Bakir,620.2,619.7,619.5
Bakir,619.9,619.3,619.2
Bakir,619.6,619.0,619.0
Bakir,619.5,618.8,618.8
Bakir,619.6,618.9,618.9
Bakir,619.7,619.0,619.0
Bakir,619.7,619.1,619.0
Bakir,619.8,619.2,619.1
Bakir,619.9,619.2,619.2
Bakir,619.9,619.3,619.2
Bakir,620.0,619.5,619.3
Bakir,620.0,619.5,619.4
Bakir,620.0,619.6,619.5
Bakir,620.0,619.6,619.5
Bakir,620.0,619.6,619.6
Bakir,619.9,619.6,619.5
Bakir,619.9,619.5,619.5
Bakir,619.9,619.5,619.5
Bakir,619.9,619.5,619.5
Bakir,619.9,619.5,619.5
Bakir,619.9,619.5,619.5
Bakir,619.9,619.5,619.4
Bakir,619.7,619.5,619.4
Bakir,619.8,619.6,619.5
Bakir,619.8,619.5,619.5
Bakir,619.8,619.6,619.5
Bakir,619.8,619.6,619.6
Bakir,619.8,619.5,619.5
Bakir,619.8,619.5,619.6
Bakir,619.8,619.4,619.5
Bakir,619.8,619.3,619.5
Bakir,619.9,619.3,619.5
Bakir,619.9,619.3,619.6
Bakir,619.9,619.4,619.6
Bakir,619.9,619.4,619.6
Bakir,620.0,619.4,619.7
Bakir,620.0,619.4,619.7
Bakir,620.1,619.5,619.7
Bakir,620.2,619.6,619.8
Bakir,620.3,619.6,619.9
Bakir,620.2,619.6,619.8
Bakir,620.2,619.6,619.8
Bakir,620.1,619.6,619.8
Bakir,620.2,619.6,619.8
Bakir,620.2,619.6,619.8
Bakir,620.1,619.5,619.8
Bakir,620.0,619.4,619.7
Bakir,619.9,619.3,619.5
Bakir,619.8,619.2,619.4
Bakir,619.8,619.1,619.4
Bakir,619.7,619.1,619.3
Bakir,619.6,619.0,619.1
Bakir,619.6,618.8,618.9
Bakir,619.4,618.7,618.7
Bakir,619.2,618.5,618.6
Bakir,619.0,618.4,618.4
Bakir,618.9,618.2,618.3
Bakir,618.7,618.0,618.2
Bakir,618.6,618.0,617.9
Bakir,618.4,617.7,617.8
Bakir,618.1,617.5,617.6
Bakir,629.3,628.6,628.7
Bakir,629.1,628.5,628.6
Bakir,629.1,628.5,628.5
Bakir,628.9,628.4,628.4
Bakir,628.8,628.3,628.4
Bakir,628.8,628.3,628.3
Bakir,628.7,628.2,628.1
Bakir,628.6,628.1,628.1
Bakir,628.5,628.1,628.0
Bakir,628.5,628.0,627.9
Bakir,628.4,627.9,627.9
Bakir,628.3,627.9,627.7
Bakir,628.2,627.8,627.7
Bakir,628.1,627.6,627.6
Bakir,628.1,627.5,627.6
Bakir,628.0,627.4,627.5
Bakir,628.0,627.3,627.4
Bakir,627.9,627.3,627.4
Bakir,627.8,627.2,627.4
Bakir,627.7,627.2,627.4
Bakir,627.7,627.1,627.4
Bakir,627.8,627.0,627.4
Bakir,627.7,627.0,627.4
Bakir,627.7,627.0,627.3
Bakir,627.7,626.9,627.3
Bakir,627.7,626.9,627.3
Bakir,627.6,626.9,627.2
Bakir,627.6,626.8,627.1
Bakir,627.5,626.8,627.0
Bakir,627.4,626.8,627.0
Bakir,627.3,626.8,626.9
Bakir,627.3,626.7,626.9
Bakir,627.2,626.6,626.8
Bakir,627.1,626.6,626.7
Bakir,627.0,626.6,626.7
Bakir,627.0,626.5,626.6
Bakir,626.9,626.4,626.5
Bakir,626.8,626.3,626.5
Bakir,626.8,626.3,626.4
Bakir,626.7,626.2,626.3
Bakir,626.6,626.2,626.3
Bakir,626.6,626.1,626.2
Bakir,626.5,626.1,626.1
Bakir,626.5,626.0,626.0
Bakir,626.4,625.9,626.0
Bakir,626.4,625.8,626.0
Bakir,626.3,625.8,625.9
Bakir,626.3,625.8,625.9
Bakir,626.2,625.8,625.9
Bakir,626.2,625.7,625.9
Bakir,626.2,625.8,625.9
Bakir,626.2,625.8,625.9
Bakir,626.3,625.8,625.9
Bakir,626.4,625.8,625.9
Bakir,626.4,625.9,625.9
Bakir,626.5,625.9,626.0
Bakir,626.5,625.9,626.1
Bakir,626.5,625.9,626.1
Bakir,626.4,625.9,626.1
Bakir,626.4,626.0,626.1
Bakir,626.5,626.0,626.2
Bakir,626.5,626.0,626.3
Bakir,626.5,626.0,626.3
Bakir,626.5,626.1,626.3
Bakir,626.6,626.1,626.3
Bakir,626.6,626.1,626.3
Bakir,626.6,626.2,626.4
Bakir,626.6,626.2,626.4
Bakir,626.6,626.2,626.4
Bakir,626.7,626.2,626.4
Bakir,626.7,626.2,626.4
Bakir,626.7,626.2,626.4
Bakir,626.7,626.2,626.4
Bakir,626.7,626.2,626.3
Bakir,626.7,626.2,626.3
Bakir,626.7,626.2,626.3
Bakir,626.8,626.2,626.3
Bakir,626.8,626.2,626.3
Bakir,626.8,626.2,626.3
Bakir,626.7,626.2,626.3
Bakir,626.8,626.1,626.4
Bakir,626.7,626.2,626.4
Bakir,626.7,626.2,626.4
Bakir,626.8,626.1,626.4
Bakir,626.7,626.1,626.4
Bakir,626.7,626.1,626.4
Bakir,626.7,626.0,626.4
Bakir,626.8,626.0,626.3
Bakir,626.8,626.0,626.3
Bakir,626.7,626.1,626.3
Bakir,626.7,626.1,626.3
Bakir,626.7,626.1,626.2
Bakir,626.7,626.1,626.2
Bakir,626.7,626.0,626.2
Bakir,626.6,626.1,626.2
Bakir,626.6,626.0,626.2
Bakir,626.6,626.0,626.2
Bakir,626.7,625.9,626.2
Bakir,626.6,625.9,626.2
Bakir,626.6,625.9,626.1
Celik,615.3,614.4,614.4
Celik,614.0,613.1,613.0
Celik,612.8,611.9,611.9
Celik,611.8,611.0,611.0
Celik,611.0,610.2,610.1
Celik,610.1,609.4,609.3
Celik,609.6,608.9,608.8
Celik,609.3,608.5,608.4
Celik,608.9,608.1,608.1
Celik,608.6,607.8,607.8
Celik,608.3,607.5,607.5
Celik,608.2,607.4,607.4
Celik,608.1,607.2,607.2
Celik,607.8,606.9,606.9
Celik,607.2,606.2,606.3
Celik,606.7,605.8,605.8
Celik,606.4,605.5,605.6
Celik,606.1,605.1,605.2
Celik,605.7,604.7,604.8
Celik,605.2,604.3,604.4
Celik,604.7,603.8,603.9
Celik,604.1,603.2,603.1
Celik,602.8,601.8,601.8
Celik,601.2,600.2,600.2
Celik,599.6,598.6,598.6
Celik,598.3,597.3,597.4
Celik,597.2,596.3,596.3
Celik,596.3,595.4,595.5
Celik,595.3,594.4,594.5
Celik,593.8,593.0,592.9
Celik,592.2,591.4,591.3
Celik,590.8,589.9,589.9
Celik,589.6,588.8,588.8
Celik,588.6,587.8,587.8
Celik,587.6,586.7,586.8
Celik,586.6,585.6,585.8
Celik,585.6,584.6,584.8
Celik,584.6,583.7,583.8
Celik,584.0,583.1,583.2
Celik,583.4,582.5,582.6
Celik,582.7,581.8,581.9
Celik,582.0,581.0,581.2
Celik,581.3,580.2,580.4
Celik,580.4,579.4,579.5
Celik,579.5,578.5,578.6
Celik,578.7,577.8,577.8
Celik,578.3,577.4,577.4
Celik,578.1,577.2,577.3
Celik,578.0,577.1,577.2
Celik,578.1,577.3,577.5
Celik,578.6,577.7,578.0
Celik,579.2,578.3,578.6
Celik,579.7,578.9,579.1
Celik,580.0,579.2,579.3
Celik,579.2,578.3,578.4
Celik,577.6,576.6,576.6
Celik,575.5,574.5,574.6
Celik,573.7,572.9,573.0
Celik,572.4,571.5,571.7
Celik,571.2,570.3,570.5
Celik,569.9,568.9,569.1
Celik,568.3,567.1,567.3
Celik,566.5,565.3,565.6
Celik,564.8,563.6,563.9
Celik,563.0,561.8,562.1
Celik,561.4,560.2,560.5
Celik,560.0,558.7,559.0
Celik,558.0,556.8,557.0
Celik,555.7,554.4,554.7
Celik,553.3,551.9,552.2
Celik,551.0,549.6,549.9
Celik,548.9,547.5,547.8
Celik,546.9,545.5,545.7
Celik,545.0,543.6,543.8
Celik,543.2,541.9,542.1
Celik,542.9,541.8,542.2
Celik,544.9,544.0,544.5
Celik,551.1,550.3,550.8
Celik,554.1,553.3,553.8
Celik,556.5,555.6,556.0
Celik,558.1,557.1,557.5
Celik,558.6,557.6,557.9
Celik,558.6,557.5,557.9
Celik,558.2,557.1,557.5
Celik,557.6,556.4,556.7
Celik,556.8,555.7,556.0
Celik,556.2,555.1,555.4
Celik,555.4,554.2,554.5
Celik,554.3,553.1,553.4
Celik,553.2,552.0,552.3
Celik,552.1,551.0,551.3
Celik,551.1,550.0,550.3
Celik,550.1,549.0,549.3
Celik,549.1,547.9,548.2
Celik,548.0,546.8,547.0
Celik,546.5,545.1,545.4
Celik,544.6,543.2,543.5
Celik,542.5,541.1,541.3
Celik,540.5,539.0,539.3
Celik,567.0,566.0,566.3
Celik,567.4,566.5,566.7
Celik,567.9,567.0,567.2
Celik,568.1,567.2,567.5
Celik,568.1,567.2,567.5
Celik,568.4,567.6,567.9
Celik,568.7,568.0,568.1
Celik,568.7,568.0,568.1
Celik,568.4,567.7,567.8
Celik,567.9,567.1,567.1
Celik,567.2,566.4,566.5
Celik,566.7,566.1,566.1
Celik,566.7,566.0,566.1
Celik,566.7,566.1,566.0
Celik,565.9,565.5,565.4
Celik,565.5,565.0,564.9
Celik,565.2,564.7,564.6
Celik,564.6,564.1,564.0
Celik,563.8,563.3,563.2
Celik,563.2,562.7,562.7
Celik,562.9,562.4,562.3
Celik,562.6,562.0,562.0
Celik,562.0,561.4,561.4
Celik,560.9,560.3,560.3
Celik,559.2,558.5,558.4
Celik,556.8,556.1,556.0
Celik,554.7,554.1,553.9
Celik,553.6,553.0,553.0
Celik,553.4,552.9,552.9
Celik,553.7,553.3,553.2
Celik,554.0,553.6,553.5
Celik,554.3,553.8,553.8
Celik,554.6,554.2,554.2
Celik,555.1,554.7,554.7
Celik,556.0,555.6,555.6
Celik,556.9,556.4,556.4
Celik,557.7,557.1,557.1
Celik,558.5,557.9,557.9
Celik,559.2,558.7,558.6
Celik,559.9,559.3,559.2
Celik,560.4,559.8,559.6
Celik,560.9,560.2,560.2
Celik,561.5,561.0,561.0
Celik,562.8,562.3,562.4
Celik,564.3,563.8,563.9
Celik,565.8,565.3,565.3
Celik,567.2,566.8,566.8
Celik,568.6,568.2,568.3
Celik,570.1,569.7,569.7
Celik,571.5,571.1,571.2
Celik,573.0,572.6,572.6
Celik,574.5,574.1,574.1
Celik,576.1,575.6,575.7
Celik,577.6,577.1,577.1
Celik,579.1,578.5,578.6
Celik,580.5,579.9,580.1
Celik,581.8,581.3,581.5
Celik,583.0,582.4,582.6
Celik,583.8,583.2,583.4
Celik,584.4,583.7,583.9
Celik,584.8,584.2,584.3
Celik,585.1,584.4,584.4
Celik,585.0,584.3,584.3
Celik,584.7,584.0,584.1
Celik,584.5,583.8,583.9
Celik,584.5,583.8,583.9
Celik,584.5,583.8,583.8
Celik,584.2,583.5,583.6
Celik,583.9,583.2,583.3
Celik,583.8,583.0,583.2
Celik,583.7,582.9,583.2
Celik,583.5,582.6,582.9
Celik,583.0,582.2,582.4
Celik,582.4,581.6,581.9
Celik,581.8,581.0,581.3
Celik,581.1,580.3,580.6
Celik,580.7,579.9,580.3
Celik,580.7,580.0,580.3
Celik,581.1,580.2,580.6
Celik,581.3,580.5,580.7
Celik,581.3,580.4,580.5
Celik,580.9,580.0,580.2
Celik,580.6,579.8,580.0
Celik,580.8,580.2,580.3
Celik,581.6,580.9,581.2
Celik,582.6,581.9,582.3
Celik,583.7,583.0,583.4
Celik,584.6,584.0,584.3
Celik,585.4,584.8,585.0
Celik,585.9,585.4,585.6
Celik,586.4,585.8,586.1
Celik,587.0,586.4,586.7
Celik,587.4,586.8,587.0
Celik,587.5,586.9,587.1
Celik,587.1,586.5,586.6
Celik,586.6,585.9,586.2
Celik,586.0,585.5,585.6
Celik,585.8,585.1,585.4
Celik,585.9,585.4,585.6
Celik,586.3,585.8,585.9
Celik,587.4,586.5,586.9
Celik,587.6,586.8,587.1
Celik,588.3,587.5,588.0
Celik,589.4,588.6,589.1
Celik,590.7,589.9,590.3
Celik,591.8,591.0,591.4
Celik,592.5,591.8,592.2
Celik,593.2,592.4,592.8
Celik,593.8,592.9,593.3
Celik,594.7,593.8,594.1
Celik,595.0,594.0,594.4
Celik,595.4,594.3,594.7
Celik,595.8,594.8,595.1
Celik,596.4,595.3,595.6
Celik,596.9,595.8,596.1
Celik,597.3,596.2,596.5
Celik,597.7,596.6,596.8
Celik,598.2,597.1,597.4
Celik,599.0,597.9,598.2
Celik,599.9,598.9,599.3
Celik,600.8,599.9,600.3
Celik,601.6,600.6,601.0
Celik,602.2,601.2,601.5
Celik,602.6,601.7,602.0
Celik,603.1,602.2,602.4
Celik,603.5,602.6,602.8
Celik,603.7,602.9,603.1
Celik,603.8,603.1,603.3
Celik,603.9,603.0,603.2
Celik,603.5,602.7,602.8
Celik,603.0,602.2,602.3
Celik,602.6,601.8,601.9
Celik,602.2,601.5,601.6
Celik,602.1,601.4,601.6
Celik,602.3,601.5,601.6
Celik,602.5,601.7,601.9
Celik,602.8,601.9,602.0
Celik,603.0,602.1,602.3
Celik,603.0,602.2,602.4
Celik,603.0,602.0,602.2
Celik,602.7,601.8,601.9
Celik,602.2,601.4,601.5
Celik,601.7,600.9,601.0
Celik,601.2,600.5,600.5
Celik,600.9,600.1,600.2
Celik,600.6,599.8,600.0
Celik,600.4,599.7,599.8
Celik,600.4,599.6,599.8
Celik,600.4,599.6,599.7
Celik,600.3,599.5,599.6
Celik,600.0,599.3,599.4
Celik,599.7,599.0,599.0
Celik,599.3,598.6,598.7
Celik,599.0,598.2,598.2
Celik,598.6,597.8,597.8
Celik,598.2,597.5,597.5
Celik,598.0,597.3,597.3
Celik,598.0,597.3,597.4
Celik,598.3,597.6,597.6
Celik,598.6,597.9,597.9
Celik,599.0,598.2,598.3
Celik,599.3,598.6,598.7
Celik,599.8,599.0,599.1
Celik,600.2,599.5,599.6
Celik,600.7,600.0,600.1
Celik,601.2,600.5,600.6
Celik,601.4,600.7,600.7
Celik,601.3,600.6,600.6
Celik,600.8,600.1,600.1
Celik,600.0,599.3,599.1
Celik,598.9,598.2,598.1
Celik,597.7,596.9,596.9
Celik,596.6,595.7,595.7
Celik,595.5,594.7,594.6
Celik,594.7,593.8,593.8
Celik,593.8,592.9,592.9
Celik,593.0,592.1,592.0
Celik,592.2,591.3,591.2
Celik,591.4,590.5,590.5
Celik,590.7,589.8,589.7
Celik,589.8,588.8,588.7
Celik,588.3,587.4,587.3
Celik,586.6,585.7,585.6
Celik,584.8,583.7,583.8
Celik,582.9,581.9,582.1
Celik,581.3,580.4,580.4
Celik,580.0,579.1,579.1
Celik,579.0,578.1,578.1
Celik,578.2,577.4,577.4
Celik,577.9,577.2,577.2
Celik,577.8,577.1,577.2
Celik,578.0,577.3,577.4
Celik,578.1,577.6,577.6
Celik,578.6,578.1,578.1
Celik,579.2,578.7,578.7
Celik,579.7,579.2,579.2
Celik,580.1,579.8,579.7
Celik,580.5,580.1,580.0
Celik,580.9,580.5,580.4
Bos,665.7,664.8,665.0
Bos,665.7,664.9,665.1
Bos,665.7,664.9,665.0
Bos,665.7,664.9,665.0
Bos,665.8,664.9,664.9
Bos,665.8,664.9,665.0
Bos,665.8,664.8,665.0
Bos,665.7,664.9,665.1
Bos,665.7,664.9,665.1
Bos,665.7,664.9,665.1
Bos,665.6,664.9,665.1
Bos,665.6,664.9,665.1
Bos,665.6,664.9,665.2
Bos,665.7,665.0,665.2
Bos,665.6,665.0,665.2
Bos,665.7,665.0,665.2
Bos,665.7,665.0,665.2
Bos,665.6,665.0,665.2
Bos,665.6,664.9,665.3
Bos,665.6,664.9,665.2
Bos,665.6,664.9,665.2
Bos,665.6,664.9,665.2
Bos,665.6,664.9,665.1
Bos,665.6,664.9,665.1
Bos,665.6,664.9,665.1
Bos,665.6,664.9,665.1
Bos,665.6,664.9,665.2
Bos,665.6,664.9,665.1
Bos,665.5,664.8,665.2
Bos,665.4,664.9,665.2
Bos,665.5,664.9,665.2
Bos,665.4,664.9,665.2
Bos,665.4,664.9,665.2
Bos,665.4,664.9,665.2
Bos,665.3,664.9,665.2
Bos,665.4,664.8,665.2
Bos,665.4,664.8,665.3
Bos,665.4,664.8,665.2
Bos,665.4,664.8,665.2
Bos,665.4,664.8,665.1
Bos,665.3,664.8,665.1
Bos,665.3,664.7,665.1
Bos,665.3,664.7,665.1
Bos,665.2,664.7,665.1
Bos,665.2,664.7,665.0
Bos,665.2,664.6,665.0
Bos,665.3,664.6,665.1
Bos,665.3,664.6,665.1
Bos,665.3,664.6,665.1
Bos,665.3,664.6,665.0
Bos,665.4,664.6,665.1
Bos,665.3,664.6,665.1
Bos,665.3,664.6,665.1
Bos,665.3,664.6,665.1
Bos,665.3,664.7,665.2
Bos,665.3,664.7,665.2
Bos,665.4,664.7,665.2
Bos,665.4,664.8,665.2
Bos,665.5,664.8,665.3
Bos,665.4,664.8,665.3
Bos,665.4,664.8,665.3
Bos,665.4,664.9,665.3
Bos,665.4,664.9,665.2
Bos,665.4,664.9,665.3
Bos,665.4,665.0,665.2
Bos,665.4,664.9,665.2
Bos,665.4,664.9,665.2
Bos,665.4,664.9,665.3
Bos,665.4,664.9,665.2
Bos,665.4,664.8,665.2
Bos,665.3,664.8,665.1
Bos,665.3,664.9,665.2
Bos,665.4,664.9,665.1
Bos,665.5,664.9,665.1
Bos,665.5,664.9,665.1
Bos,665.4,665.0,665.1
Bos,665.5,665.0,665.1
Bos,665.5,664.9,665.1
Bos,665.5,664.9,665.1
Bos,665.5,665.0,665.1
Bos,665.5,664.9,665.2
Bos,665.5,664.9,665.2
Bos,665.5,664.9,665.2
Bos,665.4,664.8,665.1
Bos,665.4,664.9,665.1
Bos,665.5,664.9,665.1
Bos,665.5,664.9,665.2
Bos,665.5,664.9,665.1
Bos,665.5,664.9,665.1
Bos,665.4,665.0,665.1
Bos,665.4,665.0,665.1
Bos,665.4,664.9,665.1
Bos,665.4,664.9,665.1
Bos,665.4,664.9,665.1
Bos,665.4,664.8,665.1
Bos,665.4,664.8,665.2
Bos,665.4,664.8,665.2
Bos,665.4,664.8,665.2
Bos,665.4,664.9,665.2
Bos,665.4,664.9,665.2
Bos,665.0,664.4,664.7
Bos,665.0,664.4,664.7
Bos,665.0,664.4,664.8
Bos,665.0,664.4,664.8
Bos,665.0,664.4,664.8
Bos,665.0,664.4,664.8
Bos,665.0,664.4,664.8
Bos,665.0,664.5,664.9
Bos,665.0,664.4,664.9
Bos,665.0,664.5,664.9
Bos,665.0,664.5,664.9
Bos,665.0,664.5,664.9
Bos,665.0,664.5,664.8
Bos,665.0,664.5,664.9
Bos,665.0,664.5,664.8
Bos,665.0,664.5,664.8
Bos,665.1,664.5,664.7
Bos,665.1,664.5,664.7
Bos,665.0,664.5,664.7
Bos,665.1,664.5,664.7
Bos,665.0,664.5,664.7
Bos,665.0,664.5,664.8
Bos,665.1,664.6,664.8
Bos,665.0,664.6,664.8
Bos,665.0,664.6,664.8
Bos,665.0,664.6,664.7
Bos,665.0,664.6,664.8
Bos,665.0,664.6,664.8
Bos,665.0,664.6,664.8
Bos,665.0,664.7,664.8
Bos,665.1,664.7,664.8
Bos,665.1,664.7,664.8
Bos,665.2,664.7,664.8
Bos,665.2,664.7,664.8
Bos,665.2,664.8,664.7
Bos,665.2,664.8,664.8
Bos,665.2,664.9,664.9
Bos,665.2,664.9,664.9
Bos,665.2,664.9,664.9
Bos,665.2,664.9,664.9
Bos,665.3,664.9,665.0
Bos,665.2,664.9,665.0
Bos,665.2,664.9,665.0
Bos,665.3,664.8,665.0
Bos,665.3,664.8,665.0
Bos,665.3,664.8,665.0
Bos,665.3,664.8,665.1
Bos,665.2,664.8,665.2
Bos,665.3,664.8,665.3
Bos,665.3,664.8,665.3
Bos,665.3,664.8,665.3
Bos,665.3,664.8,665.3
Bos,665.3,664.8,665.3
Bos,665.3,664.8,665.3
Bos,665.3,664.7,665.3
Bos,665.4,664.8,665.3
Bos,665.4,664.8,665.2
Bos,665.4,664.8,665.3
Bos,665.4,664.8,665.3
Bos,665.4,664.8,665.3
Bos,665.4,664.9,665.3
Bos,665.4,664.9,665.4
Bos,665.4,664.9,665.4
Bos,665.4,664.9,665.3
Bos,665.4,664.9,665.2
Bos,665.4,664.9,665.2
Bos,665.4,664.9,665.2
Bos,665.4,664.9,665.2
Bos,665.4,664.9,665.2
Bos,665.4,664.9,665.2
Bos,665.4,664.9,665.2
Bos,665.4,664.9,665.2
Bos,665.4,664.9,665.2
Bos,665.4,665.0,665.2
Bos,665.4,665.0,665.2
Bos,665.4,665.1,665.3
Bos,665.4,665.1,665.3
Bos,665.4,665.1,665.3
Bos,665.4,665.0,665.2
Bos,665.5,665.1,665.3
Bos,665.5,665.1,665.3
Bos,665.6,665.0,665.4
Bos,665.6,665.0,665.4
Bos,665.6,665.0,665.4
Bos,665.6,665.0,665.5
Bos,665.5,665.0,665.4
Bos,665.5,665.0,665.4
Bos,665.5,665.0,665.5
Bos,665.5,665.0,665.4
Bos,665.5,665.0,665.4
Bos,665.6,665.0,665.4
Bos,665.6,665.0,665.3
Bos,665.6,665.0,665.3
Bos,665.6,665.0,665.3
Bos,665.6,665.0,665.3
Bos,665.6,665.1,665.3
Bos,665.6,665.1,665.3
Bos,665.5,665.1,665.4
Bos,665.5,665.1,665.4
Bos,665.5,665.1,665.4
Bos,665.8,665.1,665.3
Bos,665.7,665.1,665.3
Bos,665.7,665.1,665.2
Bos,665.7,665.1,665.3
Bos,665.7,665.1,665.2
Bos,665.7,665.2,665.3
Bos,665.7,665.2,665.3
Bos,665.7,665.2,665.4
Bos,665.7,665.2,665.4
Bos,665.6,665.2,665.4
Bos,665.5,665.1,665.4
Bos,665.5,665.1,665.4
Bos,665.6,665.1,665.4
Bos,665.6,665.1,665.4
Bos,665.6,665.1,665.4
Bos,665.5,665.1,665.4
Bos,665.6,665.1,665.4
Bos,665.6,665.1,665.4
Bos,665.6,665.2,665.4
Bos,665.6,665.2,665.4
Bos,665.6,665.2,665.4
Bos,665.6,665.2,665.4
Bos,665.5,665.2,665.4
Bos,665.6,665.3,665.4
Bos,665.6,665.3,665.4
Bos,665.6,665.2,665.4
Bos,665.6,665.2,665.4
Bos,665.6,665.2,665.4
Bos,665.6,665.2,665.5
Bos,665.6,665.2,665.5
Bos,665.6,665.2,665.4
Bos,665.7,665.3,665.4
Bos,665.7,665.3,665.4
Bos,665.7,665.3,665.4
Bos,665.7,665.3,665.4
Bos,665.7,665.3,665.5
Bos,665.6,665.3,665.4
Bos,665.6,665.2,665.4
Bos,665.6,665.2,665.4
Bos,665.6,665.1,665.4
Bos,665.6,665.1,665.5
Bos,665.6,665.1,665.5
Bos,665.6,665.1,665.4
Bos,665.6,665.1,665.4
Bos,665.6,665.1,665.4
Bos,665.6,665.1,665.5
Bos,665.6,665.1,665.4
Bos,665.6,665.2,665.4
Bos,665.5,665.1,665.4
Bos,665.5,665.2,665.4
Bos,665.5,665.2,665.4
Bos,665.5,665.2,665.4
Bos,665.5,665.2,665.4
Bos,665.5,665.2,665.3
Bos,665.5,665.2,665.3
Bos,665.6,665.2,665.3
Bos,665.6,665.3,665.4
Bos,665.6,665.3,665.4
Bos,665.6,665.2,665.4
Bos,665.6,665.2,665.4
Bos,665.6,665.2,665.5
Bos,665.6,665.1,665.5
Bos,665.6,665.2,665.5
Bos,665.6,665.2,665.6
Bos,665.6,665.2,665.5
Bos,665.6,665.1,665.6
Bos,665.6,665.2,665.6
Bos,665.6,665.2,665.6
Bos,665.6,665.2,665.6
Bos,665.6,665.3,665.6
Bos,665.6,665.3,665.7
Bos,665.6,665.3,665.7
Bos,665.6,665.3,665.7
Bos,665.6,665.3,665.7
Bos,665.6,665.2,665.7
Bos,665.7,665.2,665.7
Bos,665.6,665.2,665.8
Bos,665.7,665.2,665.7
Bos,665.6,665.2,665.6
Bos,665.7,665.2,665.7
Bos,665.6,665.2,665.7
Bos,665.7,665.2,665.6
Bos,665.7,665.1,665.6
Bos,665.7,665.2,665.6
Bos,665.6,665.2,665.6
Bos,665.6,665.2,665.6
Bos,665.6,665.1,665.6
Bos,665.7,665.2,665.6
Bos,665.6,665.2,665.6
Bos,665.6,665.2,665.6
Bos,665.6,665.2,665.6
Bos,665.7,665.2,665.7
Bos,665.6,665.1,665.7
Bos,665.7,665.2,665.7
Bos,665.7,665.2,665.7
Bos,665.7,665.2,665.7
Bos,665.7,665.1,665.7
Bos,665.7,665.1,665.7
Bos,665.7,665.1,665.7
Bos,665.9,665.2,665.7






